[
            {   
                "description": "This description is being fed in by the landing page json file.",
                "reportTitle": "DTAF Regression Report",
                "version": "Abacus Version 2.6.0 UAT Release",
                "businessDate": "February 22nd, 2017",
                "parent": "PV", 
                "status": "unmatched",
                "reconciled": "*",
                "children": [ 
                    { "child": "By Risk Hierarchy",         "index": "0",     "status": "matched", 				"reconciled": "" }, 
                    { "child": "By Model Portfolio",        "index": "1",     "status": "unmatched", 			"reconciled": "*" }, 
                    { "child": "By Something",              "index": "2",     "status": "matched", 				"reconciled": "" },
                    { "child": "By Something Else",         "index": "3",     "status": "matched",				"reconciled": "" }]
            },
            { 
                "parent": "FX", 
                "status": "matched",
                "reconciled": "*",
                "children": [ 
                    { "child": "By Risk Hierarchy",         "index": "4",     "status": "matched", 				"reconciled": "" }, 
                    { "child": "By Model Portfolio",        "index": "5",     "status": "matched", 				"reconciled": "*" }, 
                    { "child": "By Something",              "index": "6",     "status": "matched", 				"reconciled": "" },
                    { "child": "By Something Else",         "index": "7",     "status": "matched", 				"reconciled": "" }]
            },
            { 
                "parent": "VaR", 
                "status": "matched",
                "reconciled": "",
                "children": [ 
                    { "child": "By Risk Hierarchy",         "index": "8",     "status": "matched", 				"reconciled": "" },
                    { "child": "By Model Portfolio",        "index": "9",     "status": "matched", 				"reconciled": "" }, 
                    { "child": "By Something",              "index": "10",     "status": "matched", 			"reconciled": "" },
                    { "child": "By Something Else",         "index": "11",     "status": "matched", 			"reconciled": "" }]
            },
            { 
                "parent": "DV01", 
                "status": "unmatched",
                "reconciled": "*",
                "children": [ 
                    { "child": "By Risk Hierarchy",         "index": "12",     "status": "unmatched", 			"reconciled": "*" }, 
                    { "child": "By Model Portfolio",        "index": "13",     "status": "matched", 			"reconciled": "" }, 
                    { "child": "By Something",              "index": "14",     "status": "matched", 			"reconciled": "" },
                    { "child": "By Something Else",         "index": "15",     "status": "matched", 			"reconciled": "" }]
            },
            { 
                "parent": "CS01", 
                "status": "unmatched",
                "reconciled": "*",
                "children": [ 
                    { "child": "By Risk Hierarchy",         "index": "16",     "status": "matched", 			"reconciled": "" }, 
                    { "child": "By Model Portfolio",        "index": "17",     "status": "matched", 			"reconciled": "" }, 
                    { "child": "By Something",              "index": "18",     "status": "unmatched" , 			"reconciled": "*" },
                    { "child": "By Something Else",         "index": "19",     "status": "matched", 			"reconciled": "" }]
            }
]