[
    {
        "csvFileName" : "attribution.csv",
        "newTable": true,
        "description": "This description is being fed through the TempJson.json file"
    },
    {
        "treeLevel" : 0,
        "hierarchy" : "Top",
        "name" : "Errors",
        "bValue" : -40.0,
        "cValue" : -17.0,
        "diff" : -23.0,
        "diffpercent" : 57.499,
        "pass" : false,
        "reconciliation" : true,
        "comments" : "Vestibulum sed congue nisl Suspendisse arcu erat accumsan sit amet."
    },
    {
        "treeLevel" : 0,
        "hierarchy" : "Top",
        "name" : "Errors",
        "bValue" : -40.0,
        "cValue" : -17.0,
        "diff" : -23.0,
        "diffpercent" : 57.499,
        "pass" : true,
        "reconciliation" : false,
        "comments" : "Vestibulum sed congue nisl Suspendisse arcu erat accumsan sit amet."
    },
    {
        "treeLevel" : 0,
        "hierarchy" : "Top",
        "name" : "Errors",
        "bValue" : -40.0,
        "cValue" : -17.0,
        "diff" : -23.0,
        "diffpercent" : 57.499,
        "pass" : true,
        "reconciliation" : true,
        "comments" : "Vestibulum sed congue nisl Suspendisse arcu erat accumsan sit amet."
    },
    {
        "treeLevel" : 0,
        "hierarchy" : "Bobert",
        "name" : "Frankfurt",
        "bValue" : -40.0,
        "cValue" : -17.0,
        "diff" : -23.0,
        "diffpercent" : 57.499,
        "pass" : true,
        "reconciliation" : false,
        "comments" : "Where did I leave my glasses again, I swear I am always losing those things"
    },
    {
        "treeLevel" : 0,
        "hierarchy" : "Top",
        "name" : "Errors",
        "bValue" : -40.0,
        "cValue" : -17.0,
        "diff" : -23.0,
        "diffpercent" : 57.499,
        "pass" : true,
        "reconciliation" : false,
        "comments" : "Vestibulum sed congue nisl Suspendisse arcu erat accumsan sit amet."
    },
    {
        "treeLevel" : 0,
        "hierarchy" : "Top",
        "name" : "Errors",
        "bValue" : -40.0,
        "cValue" : -17.0,
        "diff" : -23.0,
        "diffpercent" : 57.499,
        "pass" : true,
        "reconciliation" : false,
        "comments" : "Vestibulum sed congue nisl Suspendisse arcu erat accumsan sit amet."
    },
    {
        "treeLevel" : 0,
        "hierarchy" : "Frank",
        "name" : "Bobfurt",
        "bValue" : -40.0,
        "cValue" : -17.0,
        "diff" : -23.0,
        "diffpercent" : 57.499,
        "pass" : false,
        "reconciliation" : true,
        "comments" : "Hey look I found someone's glasses!! Man these things are cool!!"
    },
    {
        "treeLevel" : 0,
        "hierarchy" : "Top",
        "name" : "Errors",
        "bValue" : -40.0,
        "cValue" : -17.0,
        "diff" : -23.0,
        "diffpercent" : 57.499,
        "pass" : true,
        "reconciliation" : true,
        "comments" : "Vestibulum sed congue nisl Suspendisse arcu erat accumsan sit amet."
    },
    {
        "treeLevel" : 0,
        "hierarchy" : "Top",
        "name" : "Errors",
        "bValue" : -40.0,
        "cValue" : -17.0,
        "diff" : -23.0,
        "diffpercent" : 57.499,
        "pass" : true,
        "reconciliation" : false,
        "comments" : "Vestibulum sed congue nisl Suspendisse arcu erat accumsan sit amet."
    },
    {
        "eof": true
    }
]