Hierarchy,Name,Baseline_Value,Comparison_Value,Difference,Difference_Percentage,Result,Comments
INVESTMENT_DEPT,IPCActive,-40,-17,-23,57.499,fail,Praesentauguenuncmolestieidfinibusutcursusporttitorlacus.
INVESTMENT_STRAT,CLG,-40,-17,-23,57.499,fail,VestibulumsedconguenislSuspendissearcuerataccumsansitamet.
PROGRAM,Funding,-40,-17,-23,57.499,fail,Praesentauguenuncmolestieidfinibusutcursusporttitorlacus.
SUB_PROGRAM,OtherFunding,-40,-17,-23,57.499,fail,VestibulumsedconguenislSuspendissearcuerataccumsansitamet.
MODEL_PORTFOLIO,CLG2,-15,-7,-8,53.333,fail,Praesentauguenuncmolestieidfinibusutcursusporttitorlacus.
MODEL_PORTFOLIO,CLG3,-25,-10,-15,60,fail,VestibulumsedconguenislSuspendissearcuerataccumsansitamet.,Hierarchy,Name,Baseline_Value,Comparison_Value,Difference,Difference_Percentage,Result,Comments
INVESTMENT_DEPT,IPCActive,-40,-17,-23,57.499,fail,Praesentauguenuncmolestieidfinibusutcursusporttitorlacus.
INVESTMENT_STRAT,CLG,-40,-17,-23,57.499,fail,VestibulumsedconguenislSuspendissearcuerataccumsansitamet.
PROGRAM,Funding,-40,-17,-23,57.499,fail,Praesentauguenuncmolestieidfinibusutcursusporttitorlacus.
SUB_PROGRAM,OtherFunding,-40,-17,-23,57.499,fail,VestibulumsedconguenislSuspendissearcuerataccumsansitamet.
MODEL_PORTFOLIO,CLG2,-15,-7,-8,53.333,fail,Praesentauguenuncmolestieidfinibusutcursusporttitorlacus.
MODEL_PORTFOLIO,CLG3,-25,-10,-15,60,fail,VestibulumsedconguenislSuspendissearcuerataccumsansitamet.,Hierarchy,Name,Baseline_Value,Comparison_Value,Difference,Difference_Percentage,Result,Comments
INVESTMENT_DEPT,IPCActive,-40,-17,-23,57.499,fail,Praesentauguenuncmolestieidfinibusutcursusporttitorlacus.
INVESTMENT_STRAT,CLG,-40,-17,-23,57.499,fail,VestibulumsedconguenislSuspendissearcuerataccumsansitamet.
PROGRAM,Funding,-40,-17,-23,57.499,fail,Praesentauguenuncmolestieidfinibusutcursusporttitorlacus.
SUB_PROGRAM,OtherFunding,-40,-17,-23,57.499,fail,VestibulumsedconguenislSuspendissearcuerataccumsansitamet.
MODEL_PORTFOLIO,CLG2,-15,-7,-8,53.333,fail,Praesentauguenuncmolestieidfinibusutcursusporttitorlacus.
MODEL_PORTFOLIO,CLG3,-25,-10,-15,60,fail,VestibulumsedconguenislSuspendissearcuerataccumsansitamet.,Hierarchy,Name,Baseline_Value,Comparison_Value,Difference,Difference_Percentage,Result,Comments
INVESTMENT_DEPT,IPCActive,-40,-17,-23,57.499,fail,Praesentauguenuncmolestieidfinibusutcursusporttitorlacus.
INVESTMENT_STRAT,CLG,-40,-17,-23,57.499,fail,VestibulumsedconguenislSuspendissearcuerataccumsansitamet.
PROGRAM,Funding,-40,-17,-23,57.499,fail,Praesentauguenuncmolestieidfinibusutcursusporttitorlacus.
SUB_PROGRAM,OtherFunding,-40,-17,-23,57.499,fail,VestibulumsedconguenislSuspendissearcuerataccumsansitamet.
MODEL_PORTFOLIO,CLG2,-15,-7,-8,53.333,fail,Praesentauguenuncmolestieidfinibusutcursusporttitorlacus.
MODEL_PORTFOLIO,CLG3,-25,-10,-15,60,fail,VestibulumsedconguenislSuspendissearcuerataccumsansitamet.